ID,Name,Usage
1,Park A,100
2,Park B,200
3,Park C,150
4,Park D,50
5,Park E,300
6,Park F,250
7,Park G,350
8,Park H,120
9,Park I,180
10,Park J,220
11,Park K,110
12,Park L,240
13,Park M,270
14,Park N,130
15,Park O,170
16,Park P,80
17,Park Q,60
18,Park R,320
19,Park S,190
20,Park T,210
21,Park U,260
22,Park V,130
23,Park W,300
24,Park X,330
25,Park Y,230
26,Park Z,140
27,Park AA,250
28,Park AB,180
29,Park AC,100
30,Park AD,220
31,Park AE,180
32,Park AF,270
33,Park AG,90
34,Park AH,150
35,Park AI,160
36,Park AJ,200
37,Park AK,190
38,Park AL,210
39,Park AM,80
40,Park AN,220
41,Park AO,300
42,Park AP,160
43,Park AQ,240
44,Park AR,190
45,Park AS,200
46,Park AT,280
47,Park AU,230
48,Park AV,220
49,Park AW,170
50,Park AX,200
51,Park AY,250
52,Park AZ,160
53,Park BA,280
54,Park BB,210
55,Park BC,240
56,Park BD,180
57,Park BE,230
58,Park BF,170
59,Park BG,190
60,Park BH,250
61,Park BI,270
62,Park BJ,200
63,Park BK,130
64,Park BL,300
65,Park BM,220
66,Park BN,140
67,Park BO,160
68,Park BP,180
69,Park BQ,190
70,Park BR,210
71,Park BS,250
72,Park BT,300
73,Park BU,190
74,Park BV,230
75,Park BW,240
76,Park BX,120
77,Park BY,160
78,Park BZ,280
79,Park CA,130
80,Park CB,100
81,Park CC,170
82,Park CD,200
83,Park CE,250
84,Park CF,190
85,Park CG,280
86,Park CH,300
87,Park CI,230
88,Park CJ,220
89,Park CK,240
90,Park CL,210
91,Park CM,180
92,Park CN,190
93,Park CO,270
94,Park CP,160
95,Park CQ,180
96,Park CR,230
97,Park CS,210
98,Park CT,220
99,Park CU,250
100,Park CV,200
